scenario,cost_review_alert,loss_per_missed_stockout,avoidable_loss_rate,threshold,tp,fp,fn,alerts_generated,baseline_loss,gross_avoided_loss,review_cost,cost_with_model,net_benefit,roi
Base,10.0,100.0,0.6,0.15,168941,15891,740,184832,16968100.0,10136460.0,1848320.0,8679960.0,8288140.0,4.484147766620499
Conservador,15.0,50.0,0.3,0.9,153715,372,15966,154087,8484050.0,2305725.0,2311305.0,8489630.0,-5580.0,-0.0024142205377481554
Optimista,8.0,200.0,0.8,0.1,169222,17916,459,187138,33936200.0,27075520.0,1497104.0,8357783.999999998,25578416.0,17.085263281642423
