error_type,cases,mean_probability,percentage
FN,6430,0.3245077093488336,0.03215
FP,4416,0.6705935129664855,0.02208
TN,25903,0.16760633488013357,0.129515
TP,163251,0.9799421127137353,0.816255
