accuracy,precision,recall,f1_score,roc_auc
0.572519887955182,0.6351239131142736,0.6067330090102703,0.6206039295395649,0.5890430379967982
