model,accuracy,precision,recall,f1_score,roc_auc
Logistic Regression,0.572519887955182,0.6351239131142736,0.6067330090102703,0.6206039295395649,0.5890430379967982
XGBoost,0.5902879551820728,0.6730217636267124,0.5620802563474379,0.612568418331345,0.6237978693900981
Random Forest,0.5898778711484594,0.6726833540644669,0.5615124965487204,0.6120910378038338,0.622718876003358
