top_percentage,reviewed_cases,positives_found,precision_at_k,recall_at_k,lift_vs_random
0.01,2000,2000,1.0,0.011786823509998172,1.1786823509998174
0.05,10000,10000,1.0,0.058934117549990866,1.1786823509998174
0.1,20000,20000,1.0,0.11786823509998173,1.1786823509998174
0.2,40000,40000,1.0,0.23573647019996347,1.1786823509998174
0.3,60000,60000,1.0,0.3536047052999452,1.1786823509998174
0.5,100000,100000,1.0,0.5893411754999086,1.1786823509998174
