top_percentage,reviewed_cases,detected_stockouts,total_stockouts,capture_rate,alert_precision
0.05,44625,30920,514302,0.06012031841213917,0.6928851540616247
0.1,89250,61641,514302,0.11985370463268663,0.690655462184874
0.2,178500,121358,514302,0.23596641661902928,0.6798767507002801
0.3,267750,178950,514302,0.3479473150016916,0.6683473389355742
