stockout_risk,count,proportion
0,685980,0.15337730575740638
1,3786520,0.8466226942425936
