,count,mean,std,min,1%,5%,50%,95%,99%,max
sales,4565000.0,29.264660240963856,15.009956693115667,0.0,6.0,10.0,27.0,57.0,73.0,139.0
price,4565000.0,53.993231483023,25.784608315986237,8.02,10.8,14.27,53.52,95.34,98.95,99.99
promo,4565000.0,0.0999986856516977,0.29999828038612014,0.0,0.0,0.0,0.0,1.0,1.0,1.0
