promo,average_sales,median_sales,observations
0,27.86482775003858,26.0,4108506
1,41.8633366484554,39.0,456494
